<configuration>

    <property name="ONLY_MSG_PATTERN" value="%msg%n"/>
    <property name="DEFAULT_PATTERN" value="%d{yyyy-MM-dd'T'HH:mm:ss.SSSXXX} %-5level --- [%15.15thread] %-40.40logger : %msg%n"/>

    <appender name="MY_CLASS_DEBUG_APPENDER" class="ch.qos.logback.core.ConsoleAppender">
        <filter class="ch.qos.logback.classic.filter.LevelFilter">
            <level>DEBUG</level>
            <onMatch>ACCEPT</onMatch>
            <onMismatch>DENY</onMismatch>
        </filter>
        <encoder>
            <pattern>${ONLY_MSG_PATTERN}</pattern>
        </encoder>
    </appender>

    <appender name="MY_CLASS_DEFAULT_APPENDER" class="ch.qos.logback.core.ConsoleAppender">
        <filter class="ch.qos.logback.classic.filter.ThresholdFilter">
            <level>INFO</level>
        </filter>
        <encoder>
            <pattern>${DEFAULT_PATTERN}</pattern>
        </encoder>
    </appender>

    <logger name="com.rhombuzz.gpbackend.modules.medgroup.service.impl.MedGroupInsightsServiceImpl" level="DEBUG" additivity="false">
        <appender-ref ref="MY_CLASS_DEBUG_APPENDER"/>
        <appender-ref ref="MY_CLASS_DEFAULT_APPENDER"/>
    </logger>

    <appender name="CONSOLE" class="ch.qos.logback.core.ConsoleAppender">
        <encoder>
            <pattern>${DEFAULT_PATTERN}</pattern>
        </encoder>
    </appender>

    <root level="INFO">
        <appender-ref ref="CONSOLE"/>
    </root>

</configuration>
